{
  "version": 1,
  "author": "Uri Shaked",
  "editor": "wokwi",
  "parts": [
    { "type": "board-esp32-devkit-c-v4", "id": "esp", "top": 0, "left": -4.76, "attrs": {} },
    {
      "type": "wowki-potentiometer",
      "id": "pot",
      "top": -100,
      "left": 100,
      "attrs": { "value": "10k" }
    },
    { "type": "wokwi-pushbutton", "id": "btn", "top": 63.8, "left": 134.4, "attrs": {} },
    {
      "type": "wokwi-resistor",
      "id": "r1",
      "top": 109.55,
      "left": -76.8,
      "attrs": { "value": "1000" }
    },
    {
      "type": "wokwi-resistor",
      "id": "r2",
      "top": 119.15,
      "left": -76.8,
      "attrs": { "value": "1000" }
    },
    {
      "type": "wokwi-led",
      "id": "led1",
      "top": 34.8,
      "left": -111.4,
      "attrs": { "color": "green" }
    },
    {
      "type": "wokwi-led",
      "id": "led2",
      "top": 63.6,
      "left": -140.2,
      "attrs": { "color": "red" }
    },
    {
      "type": "wokwi-slide-potentiometer",
      "id": "pot1",
      "top": -52.6,
      "left": -231.4,
      "attrs": { "travelLength": "30" }
    }
  ],
  "connections": [
    [ "esp:TX", "$serialMonitor:RX", "", [] ],
    [ "esp:RX", "$serialMonitor:TX", "", [] ],
    [ "r1:1", "led1:A", "green", [ "v0.07", "h-10" ] ],
    [ "r2:1", "led2:A", "green", [ "h-38.4", "v-19.2" ] ],
    [ "esp:GND.1", "led2:C", "black", [ "h0" ] ],
    [ "esp:GND.1", "led1:C", "black", [ "h0" ] ],
    [ "esp:GND.1", "btn:2", "black", [ "h0" ] ],
    [ "esp:3V3", "pot:1", "red", [ "h0" ] ],
    [ "esp:GND", "pot:3", "black", [ "h0" ] ],
    [ "esp:34", "pot:2", "blue", [ "h0" ] ],
    [ "esp:15", "btn:1", "yellow", [ "h0" ] ],
    [ "esp:26", "r1:2", "green", [ "h0" ] ],
    [ "r2:2", "esp:27", "green", [ "v0" ] ],
    [ "btn:1.l", "esp:15", "green", [ "h-19.2", "v96" ] ],
    [ "btn:2.l", "esp:GND.2", "black", [ "h-19.2", "v-67" ] ],
    [ "pot1:GND", "esp:GND.1", "black", [ "v38.4", "h-110", "v124.8" ] ],
    [ "pot1:VCC", "esp:3V3", "red", [ "v-38.4", "h239.85" ] ],
    [ "esp:34", "pot1:SIG", "blue", [ "h-67.05", "v-28.8", "h-86.4", "v19.2", "h-86.4" ] ]
  ],
  "dependencies": {}
}